Page_Id,Title,Root_Template,Meta_Keywords,Meta_Description,Identifier,Content_Heading,Content,Creation_Time,Update_Time,Is_Active,Sort_Order,Layout_Update_XML,Custom_Theme,Custom_Root_Template,Custom_Layout_Update_XML,Custom_Theme_From,Custom_Theme_To,Stores
1,"404 Not Found 1",one_column,"Page keywords","Page description",no-route,,"<p>{{widget type=""ves_blockbuilder/widget_builder"" block_id=""38"" show_title=""false""}}</p>","2014-01-23 15:18:18","2015-07-07 20:37:45",1,0,,,,,,,0
2,"Home page",one_column,,,home,,"<div class=""media-list row"">
<div class=""col-lg-3 col-md-3 col-sm-6 hidden-xs"">
<div class=""media red block""><a class=""pull-left"" href=""#""><img src=""{{media url=""wysiwyg/images/icon-free.png""}}"" alt="""" /></a>
<div class=""media-body"">
<h4 class=""media-heading"">Free Shipping</h4>
<p>Nulla vel metus scelerisque ante sollici.</p>
</div>
</div>
</div>
<div class=""col-lg-3 col-md-3 col-sm-6 hidden-xs"">
<div class=""media green block""><a class=""pull-left"" href=""#""><img src=""{{media url=""wysiwyg/images/icon-money.png""}}"" alt="""" /> </a>
<div class=""media-body"">
<h4 class=""media-heading"">Money back</h4>
<p>Cras purus odio, in tempus viverra turpis.</p>
</div>
</div>
</div>
<div class=""col-lg-3 col-md-3 col-sm-6 hidden-xs"">
<div class=""media blue block""><a class=""pull-left"" href=""#""><img src=""{{media url=""wysiwyg/images/icon-discounts.png""}}"" alt="""" /> </a>
<div class=""media-body"">
<h4 class=""media-heading"">Discounts</h4>
<p>Cras sit amet nibh libero itudin commo.</p>
</div>
</div>
</div>
<div class=""col-lg-3 col-md-3 col-sm-6 hidden-xs"">
<div class=""media dark block""><a class=""pull-left"" href=""#""><img src=""{{media url=""wysiwyg/images/icon-support.png""}}"" alt="""" /> </a>
<div class=""media-body"">
<h4 class=""media-heading"">Support</h4>
<p>Cras sit amet nibh libero, in viverra turpis.</p>
</div>
</div>
</div>
</div>
<div class=""media-list row "">
<div class=""col-lg-6 col-md-6 hidden-sm hidden-xs"">
<div class=""media gray block""><a class=""pull-right"" href=""#""><img src=""{{media url=""wysiwyg/images/banner3.png""}}"" alt="""" /> </a>
<div class=""media-body"">
<h3 class=""media-heading text-primary-theme"">Ipad in education</h3>
<p>Nulla vel metus scelerisque ante sollicitudin commodo sit amet nibh libero itudin commodoturpis</p>
<p class=""readmore""><a href=""#"">Readmore</a></p>
</div>
</div>
</div>
<div class=""col-lg-6 col-md-6 hidden-sm hidden-xs"">
<div class=""media gray block""><a class=""pull-right"" href=""#""><img src=""{{media url=""wysiwyg/images/banner4.png""}}"" alt="""" /> </a>
<div class=""media-body"">
<h3 class=""media-heading"">MacBook Pro</h3>
<p>Nulla vel metus scelerisque ante sollicitudin commodo sit amet nibh libero itudin commodoturpis</p>
<p class=""readmore""><a href=""#"">Readmore</a></p>
</div>
</div>
</div>
</div>","2014-01-23 15:18:18","2015-05-13 20:05:39",1,0,"<!--<reference name=""content"">
        <block type=""catalog/product_new"" name=""home.catalog.product.new"" alias=""product_new"" template=""catalog/product/new.phtml"" after=""cms_page"">
            <action method=""addPriceBlockType"">
                <type>bundle</type>
                <block>bundle/catalog_product_price</block>
                <template>bundle/catalog/product/price.phtml</template>
            </action>
        </block>
        <block type=""reports/product_viewed"" name=""home.reports.product.viewed"" alias=""product_viewed"" template=""reports/home_product_viewed.phtml"" after=""product_new"">
            <action method=""addPriceBlockType"">
                <type>bundle</type>
                <block>bundle/catalog_product_price</block>
                <template>bundle/catalog/product/price.phtml</template>
            </action>
        </block>
        <block type=""reports/product_compared"" name=""home.reports.product.compared"" template=""reports/home_product_compared.phtml"" after=""product_viewed"">
            <action method=""addPriceBlockType"">
                <type>bundle</type>
                <block>bundle/catalog_product_price</block>
                <template>bundle/catalog/product/price.phtml</template>
            </action>
        </block>
    </reference>
    <reference name=""right"">
        <action method=""unsetChild""><alias>right.reports.product.viewed</alias></action>
        <action method=""unsetChild""><alias>right.reports.product.compared</alias></action>
    </reference>-->",,,,,,0
3,"About Us",two_columns_right,,,about-magento-demo-store,,"<div class=""page-title"">
<h1>About Magento Store</h1>
</div>
<div class=""col3-set"">
<div class=""col-1""><p><a href=""http://www.varien.com/""><img src=""{{skin url='images/media/about_us_img.jpg'}}"" title=""Varien"" alt=""Varien"" /></a></p><p style=""line-height:1.2em;""><small>Lorem ipsum dolor sit amet, consectetuer adipiscing elit. Morbi luctus. Duis lobortis. Nulla nec velit. Mauris pulvinar erat non massa. Suspendisse tortor turpis, porta nec, tempus vitae, iaculis semper, pede.</small></p>
<p style=""color:#888; font:1.2em/1.4em georgia, serif;"">Lorem ipsum dolor sit amet, consectetuer adipiscing elit. Morbi luctus. Duis lobortis. Nulla nec velit. Mauris pulvinar erat non massa. Suspendisse tortor turpis, porta nec, tempus vitae, iaculis semper, pede. Cras vel libero id lectus rhoncus porta.</p></div>
<div class=""col-2"">
<p><strong style=""color:#de036f;"">Lorem ipsum dolor sit amet, consectetuer adipiscing elit. Morbi luctus. Duis lobortis. Nulla nec velit.</strong></p>
<p>Vivamus tortor nisl, lobortis in, faucibus et, tempus at, dui. Nunc risus. Proin scelerisque augue. Nam ullamcorper. Phasellus id massa. Pellentesque nisl. Pellentesque habitant morbi tristique senectus et netus et malesuada fames ac turpis egestas. Nunc augue. Aenean sed justo non leo vehicula laoreet. Praesent ipsum libero, auctor ac, tempus nec, tempor nec, justo. </p>
<p>Maecenas ullamcorper, odio vel tempus egestas, dui orci faucibus orci, sit amet aliquet lectus dolor et quam. Pellentesque consequat luctus purus. Nunc et risus. Etiam a nibh. Phasellus dignissim metus eget nisi. Vestibulum sapien dolor, aliquet nec, porta ac, malesuada a, libero. Praesent feugiat purus eget est. Nulla facilisi. Vestibulum tincidunt sapien eu velit. Mauris purus. Maecenas eget mauris eu orci accumsan feugiat. Pellentesque eget velit. Nunc tincidunt.</p></div>
<div class=""col-3"">
<p>Lorem ipsum dolor sit amet, consectetuer adipiscing elit. Morbi luctus. Duis lobortis. Nulla nec velit. Mauris pulvinar erat non massa. Suspendisse tortor turpis, porta nec, tempus vitae, iaculis semper, pede. Cras vel libero id lectus rhoncus porta. Suspendisse convallis felis ac enim. Vivamus tortor nisl, lobortis in, faucibus et, tempus at, dui. Nunc risus. Proin scelerisque augue. Nam ullamcorper </p>
<p><strong style=""color:#de036f;"">Maecenas ullamcorper, odio vel tempus egestas, dui orci faucibus orci, sit amet aliquet lectus dolor et quam. Pellentesque consequat luctus purus.</strong></p>
<p>Nunc et risus. Etiam a nibh. Phasellus dignissim metus eget nisi.</p>
<div class=""divider""></div>
<p>To all of you, from all of us at Magento Store - Thank you and Happy eCommerce!</p>
<p style=""line-height:1.2em;""><strong style=""font:italic 2em Georgia, serif;"">John Doe</strong><br /><small>Some important guy</small></p></div>
</div>","2014-01-23 15:18:18","2015-05-13 20:05:39",1,0,,,,,,,0
4,"Customer Service",three_columns,,,customer-service,,"<div class=""page-title"">
<h1>Customer Service</h1>
</div>
<ul class=""disc"">
<li><a href=""#answer1"">Shipping & Delivery</a></li>
<li><a href=""#answer2"">Privacy & Security</a></li>
<li><a href=""#answer3"">Returns & Replacements</a></li>
<li><a href=""#answer4"">Ordering</a></li>
<li><a href=""#answer5"">Payment, Pricing & Promotions</a></li>
<li><a href=""#answer6"">Viewing Orders</a></li>
<li><a href=""#answer7"">Updating Account Information</a></li>
</ul>
<dl>
<dt id=""answer1"">Shipping & Delivery</dt>
<dd>Lorem ipsum dolor sit amet, consectetuer adipiscing elit. Morbi luctus. Duis lobortis. Nulla nec velit. Mauris pulvinar erat non massa. Suspendisse tortor turpis, porta nec, tempus vitae, iaculis semper, pede. Cras vel libero id lectus rhoncus porta. Suspendisse convallis felis ac enim. Vivamus tortor nisl, lobortis in, faucibus et, tempus at, dui. Nunc risus. Proin scelerisque augue. Nam ullamcorper. Phasellus id massa. Pellentesque nisl. Pellentesque habitant morbi tristique senectus et netus et malesuada fames ac turpis egestas. Nunc augue. Aenean sed justo non leo vehicula laoreet. Praesent ipsum libero, auctor ac, tempus nec, tempor nec, justo.</dd>
<dt id=""answer2"">Privacy & Security</dt>
<dd>Lorem ipsum dolor sit amet, consectetuer adipiscing elit. Morbi luctus. Duis lobortis. Nulla nec velit. Mauris pulvinar erat non massa. Suspendisse tortor turpis, porta nec, tempus vitae, iaculis semper, pede. Cras vel libero id lectus rhoncus porta. Suspendisse convallis felis ac enim. Vivamus tortor nisl, lobortis in, faucibus et, tempus at, dui. Nunc risus. Proin scelerisque augue. Nam ullamcorper. Phasellus id massa. Pellentesque nisl. Pellentesque habitant morbi tristique senectus et netus et malesuada fames ac turpis egestas. Nunc augue. Aenean sed justo non leo vehicula laoreet. Praesent ipsum libero, auctor ac, tempus nec, tempor nec, justo.</dd>
<dt id=""answer3"">Returns & Replacements</dt>
<dd>Lorem ipsum dolor sit amet, consectetuer adipiscing elit. Morbi luctus. Duis lobortis. Nulla nec velit. Mauris pulvinar erat non massa. Suspendisse tortor turpis, porta nec, tempus vitae, iaculis semper, pede. Cras vel libero id lectus rhoncus porta. Suspendisse convallis felis ac enim. Vivamus tortor nisl, lobortis in, faucibus et, tempus at, dui. Nunc risus. Proin scelerisque augue. Nam ullamcorper. Phasellus id massa. Pellentesque nisl. Pellentesque habitant morbi tristique senectus et netus et malesuada fames ac turpis egestas. Nunc augue. Aenean sed justo non leo vehicula laoreet. Praesent ipsum libero, auctor ac, tempus nec, tempor nec, justo.</dd>
<dt id=""answer4"">Ordering</dt>
<dd>Lorem ipsum dolor sit amet, consectetuer adipiscing elit. Morbi luctus. Duis lobortis. Nulla nec velit. Mauris pulvinar erat non massa. Suspendisse tortor turpis, porta nec, tempus vitae, iaculis semper, pede. Cras vel libero id lectus rhoncus porta. Suspendisse convallis felis ac enim. Vivamus tortor nisl, lobortis in, faucibus et, tempus at, dui. Nunc risus. Proin scelerisque augue. Nam ullamcorper. Phasellus id massa. Pellentesque nisl. Pellentesque habitant morbi tristique senectus et netus et malesuada fames ac turpis egestas. Nunc augue. Aenean sed justo non leo vehicula laoreet. Praesent ipsum libero, auctor ac, tempus nec, tempor nec, justo.</dd>
<dt id=""answer5"">Payment, Pricing & Promotions</dt>
<dd>Lorem ipsum dolor sit amet, consectetuer adipiscing elit. Morbi luctus. Duis lobortis. Nulla nec velit. Mauris pulvinar erat non massa. Suspendisse tortor turpis, porta nec, tempus vitae, iaculis semper, pede. Cras vel libero id lectus rhoncus porta. Suspendisse convallis felis ac enim. Vivamus tortor nisl, lobortis in, faucibus et, tempus at, dui. Nunc risus. Proin scelerisque augue. Nam ullamcorper. Phasellus id massa. Pellentesque nisl. Pellentesque habitant morbi tristique senectus et netus et malesuada fames ac turpis egestas. Nunc augue. Aenean sed justo non leo vehicula laoreet. Praesent ipsum libero, auctor ac, tempus nec, tempor nec, justo.</dd>
<dt id=""answer6"">Viewing Orders</dt>
<dd>Lorem ipsum dolor sit amet, consectetuer adipiscing elit. Morbi luctus. Duis lobortis. Nulla nec velit. Mauris pulvinar erat non massa. Suspendisse tortor turpis, porta nec, tempus vitae, iaculis semper, pede. Cras vel libero id lectus rhoncus porta. Suspendisse convallis felis ac enim. Vivamus tortor nisl, lobortis in, faucibus et, tempus at, dui. Nunc risus. Proin scelerisque augue. Nam ullamcorper. Phasellus id massa. Pellentesque nisl. Pellentesque habitant morbi tristique senectus et netus et malesuada fames ac turpis egestas. Nunc augue. Aenean sed justo non leo vehicula laoreet. Praesent ipsum libero, auctor ac, tempus nec, tempor nec, justo.</dd>
<dt id=""answer7"">Updating Account Information</dt>
<dd>Lorem ipsum dolor sit amet, consectetuer adipiscing elit. Morbi luctus. Duis lobortis. Nulla nec velit. Mauris pulvinar erat non massa. Suspendisse tortor turpis, porta nec, tempus vitae, iaculis semper, pede. Cras vel libero id lectus rhoncus porta. Suspendisse convallis felis ac enim. Vivamus tortor nisl, lobortis in, faucibus et, tempus at, dui. Nunc risus. Proin scelerisque augue. Nam ullamcorper. Phasellus id massa. Pellentesque nisl. Pellentesque habitant morbi tristique senectus et netus et malesuada fames ac turpis egestas. Nunc augue. Aenean sed justo non leo vehicula laoreet. Praesent ipsum libero, auctor ac, tempus nec, tempor nec, justo.</dd>
</dl>","2014-01-23 15:18:18","2015-05-13 20:05:40",1,0,,,,,,,0
5,"Enable Cookies",one_column,,,enable-cookies,,"<div class=""std"">
    <ul class=""messages"">
        <li class=""notice-msg"">
            <ul>
                <li>Please enable cookies in your web browser to continue.</li>
            </ul>
        </li>
    </ul>
    <div class=""page-title"">
        <h1><a name=""top""></a>What are Cookies?</h1>
    </div>
    <p>Cookies are short pieces of data that are sent to your computer when you visit a website. On later visits, this data is then returned to that website. Cookies allow us to recognize you automatically whenever you visit our site so that we can personalize your experience and provide you with better service. We also use cookies (and similar browser data, such as Flash cookies) for fraud prevention and other purposes. If your web browser is set to refuse cookies from our website, you will not be able to complete a purchase or take advantage of certain features of our website, such as storing items in your Shopping Cart or receiving personalized recommendations. As a result, we strongly encourage you to configure your web browser to accept cookies from our website.</p>
    <h2 class=""subtitle"">Enabling Cookies</h2>
    <ul class=""disc"">
        <li><a href=""#ie7"">Internet Explorer 7.x</a></li>
        <li><a href=""#ie6"">Internet Explorer 6.x</a></li>
        <li><a href=""#firefox"">Mozilla/Firefox</a></li>
        <li><a href=""#opera"">Opera 7.x</a></li>
    </ul>
    <h3><a name=""ie7""></a>Internet Explorer 7.x</h3>
    <ol>
        <li>
            <p>Start Internet Explorer</p>
        </li>
        <li>
            <p>Under the <strong>Tools</strong> menu, click <strong>Internet Options</strong></p>
            <p><img src=""{{skin url=""images/cookies/ie7-1.gif""}}"" alt="""" /></p>
        </li>
        <li>
            <p>Click the <strong>Privacy</strong> tab</p>
            <p><img src=""{{skin url=""images/cookies/ie7-2.gif""}}"" alt="""" /></p>
        </li>
        <li>
            <p>Click the <strong>Advanced</strong> button</p>
            <p><img src=""{{skin url=""images/cookies/ie7-3.gif""}}"" alt="""" /></p>
        </li>
        <li>
            <p>Put a check mark in the box for <strong>Override Automatic Cookie Handling</strong>, put another check mark in the <strong>Always accept session cookies </strong>box</p>
            <p><img src=""{{skin url=""images/cookies/ie7-4.gif""}}"" alt="""" /></p>
        </li>
        <li>
            <p>Click <strong>OK</strong></p>
            <p><img src=""{{skin url=""images/cookies/ie7-5.gif""}}"" alt="""" /></p>
        </li>
        <li>
            <p>Click <strong>OK</strong></p>
            <p><img src=""{{skin url=""images/cookies/ie7-6.gif""}}"" alt="""" /></p>
        </li>
        <li>
            <p>Restart Internet Explore</p>
        </li>
    </ol>
    <p class=""a-top""><a href=""#top"">Back to Top</a></p>
    <h3><a name=""ie6""></a>Internet Explorer 6.x</h3>
    <ol>
        <li>
            <p>Select <strong>Internet Options</strong> from the Tools menu</p>
            <p><img src=""{{skin url=""images/cookies/ie6-1.gif""}}"" alt="""" /></p>
        </li>
        <li>
            <p>Click on the <strong>Privacy</strong> tab</p>
        </li>
        <li>
            <p>Click the <strong>Default</strong> button (or manually slide the bar down to <strong>Medium</strong>) under <strong>Settings</strong>. Click <strong>OK</strong></p>
            <p><img src=""{{skin url=""images/cookies/ie6-2.gif""}}"" alt="""" /></p>
        </li>
    </ol>
    <p class=""a-top""><a href=""#top"">Back to Top</a></p>
    <h3><a name=""firefox""></a>Mozilla/Firefox</h3>
    <ol>
        <li>
            <p>Click on the <strong>Tools</strong>-menu in Mozilla</p>
        </li>
        <li>
            <p>Click on the <strong>Options...</strong> item in the menu - a new window open</p>
        </li>
        <li>
            <p>Click on the <strong>Privacy</strong> selection in the left part of the window. (See image below)</p>
            <p><img src=""{{skin url=""images/cookies/firefox.png""}}"" alt="""" /></p>
        </li>
        <li>
            <p>Expand the <strong>Cookies</strong> section</p>
        </li>
        <li>
            <p>Check the <strong>Enable cookies</strong> and <strong>Accept cookies normally</strong> checkboxes</p>
        </li>
        <li>
            <p>Save changes by clicking <strong>Ok</strong>.</p>
        </li>
    </ol>
    <p class=""a-top""><a href=""#top"">Back to Top</a></p>
    <h3><a name=""opera""></a>Opera 7.x</h3>
    <ol>
        <li>
            <p>Click on the <strong>Tools</strong> menu in Opera</p>
        </li>
        <li>
            <p>Click on the <strong>Preferences...</strong> item in the menu - a new window open</p>
        </li>
        <li>
            <p>Click on the <strong>Privacy</strong> selection near the bottom left of the window. (See image below)</p>
            <p><img src=""{{skin url=""images/cookies/opera.png""}}"" alt="""" /></p>
        </li>
        <li>
            <p>The <strong>Enable cookies</strong> checkbox must be checked, and <strong>Accept all cookies</strong> should be selected in the ""<strong>Normal cookies</strong>"" drop-down</p>
        </li>
        <li>
            <p>Save changes by clicking <strong>Ok</strong></p>
        </li>
    </ol>
    <p class=""a-top""><a href=""#top"">Back to Top</a></p>
</div>
","2014-01-23 15:18:18","2015-05-13 20:05:40",1,0,,,,,,,0
6,"Privacy Policy",one_column,,,privacy-policy-cookie-restriction-mode,"Privacy Policy","<p style=""color: #ff0000; font-weight: bold; font-size: 13px"">
    Please replace this text with you Privacy Policy.
    Please add any additional cookies your website uses below (e.g., Google Analytics)
</p>
<p>
    This privacy policy sets out how {{config path=""general/store_information/name""}} uses and protects any information
    that you give {{config path=""general/store_information/name""}} when you use this website.
    {{config path=""general/store_information/name""}} is committed to ensuring that your privacy is protected.
    Should we ask you to provide certain information by which you can be identified when using this website,
    then you can be assured that it will only be used in accordance with this privacy statement.
    {{config path=""general/store_information/name""}} may change this policy from time to time by updating this page.
    You should check this page from time to time to ensure that you are happy with any changes.
</p>
<h2>What we collect</h2>
<p>We may collect the following information:</p>
<ul>
    <li>name</li>
    <li>contact information including email address</li>
    <li>demographic information such as postcode, preferences and interests</li>
    <li>other information relevant to customer surveys and/or offers</li>
</ul>
<p>
    For the exhaustive list of cookies we collect see the <a href=""#list"">List of cookies we collect</a> section.
</p>
<h2>What we do with the information we gather</h2>
<p>
    We require this information to understand your needs and provide you with a better service,
    and in particular for the following reasons:
</p>
<ul>
    <li>Internal record keeping.</li>
    <li>We may use the information to improve our products and services.</li>
    <li>
        We may periodically send promotional emails about new products, special offers or other information which we
        think you may find interesting using the email address which you have provided.
    </li>
    <li>
        From time to time, we may also use your information to contact you for market research purposes.
        We may contact you by email, phone, fax or mail. We may use the information to customise the website
        according to your interests.
    </li>
</ul>
<h2>Security</h2>
<p>
    We are committed to ensuring that your information is secure. In order to prevent unauthorised access or disclosure,
    we have put in place suitable physical, electronic and managerial procedures to safeguard and secure
    the information we collect online.
</p>
<h2>How we use cookies</h2>
<p>
    A cookie is a small file which asks permission to be placed on your computer's hard drive.
    Once you agree, the file is added and the cookie helps analyse web traffic or lets you know when you visit
    a particular site. Cookies allow web applications to respond to you as an individual. The web application
    can tailor its operations to your needs, likes and dislikes by gathering and remembering information about
    your preferences.
</p>
<p>
    We use traffic log cookies to identify which pages are being used. This helps us analyse data about web page traffic
    and improve our website in order to tailor it to customer needs. We only use this information for statistical
    analysis purposes and then the data is removed from the system.
</p>
<p>
    Overall, cookies help us provide you with a better website, by enabling us to monitor which pages you find useful
    and which you do not. A cookie in no way gives us access to your computer or any information about you,
    other than the data you choose to share with us. You can choose to accept or decline cookies.
    Most web browsers automatically accept cookies, but you can usually modify your browser setting
    to decline cookies if you prefer. This may prevent you from taking full advantage of the website.
</p>
<h2>Links to other websites</h2>
<p>
    Our website may contain links to other websites of interest. However, once you have used these links
    to leave our site, you should note that we do not have any control over that other website.
    Therefore, we cannot be responsible for the protection and privacy of any information which you provide whilst
    visiting such sites and such sites are not governed by this privacy statement.
    You should exercise caution and look at the privacy statement applicable to the website in question.
</p>
<h2>Controlling your personal information</h2>
<p>You may choose to restrict the collection or use of your personal information in the following ways:</p>
<ul>
    <li>
        whenever you are asked to fill in a form on the website, look for the box that you can click to indicate
        that you do not want the information to be used by anybody for direct marketing purposes
    </li>
    <li>
        if you have previously agreed to us using your personal information for direct marketing purposes,
        you may change your mind at any time by writing to or emailing us at
        {{config path=""trans_email/ident_general/email""}}
    </li>
</ul>
<p>
    We will not sell, distribute or lease your personal information to third parties unless we have your permission
    or are required by law to do so. We may use your personal information to send you promotional information
    about third parties which we think you may find interesting if you tell us that you wish this to happen.
</p>
<p>
    You may request details of personal information which we hold about you under the Data Protection Act 1998.
    A small fee will be payable. If you would like a copy of the information held on you please write to
    {{config path=""general/store_information/address""}}.
</p>
<p>
    If you believe that any information we are holding on you is incorrect or incomplete,
    please write to or email us as soon as possible, at the above address.
    We will promptly correct any information found to be incorrect.
</p>
<h2><a name=""list""></a>List of cookies we collect</h2>
<p>The table below lists the cookies we collect and what information they store.</p>
<table class=""data-table"">
    <thead>
        <tr>
            <th>COOKIE name</th>
            <th>COOKIE Description</th>
        </tr>
    </thead>
    <tbody>
        <tr>
            <th>CART</th>
            <td>The association with your shopping cart.</td>
        </tr>
        <tr>
            <th>CATEGORY_INFO</th>
            <td>Stores the category info on the page, that allows to display pages more quickly.</td>
        </tr>
        <tr>
            <th>COMPARE</th>
            <td>The items that you have in the Compare Products list.</td>
        </tr>
        <tr>
            <th>CURRENCY</th>
            <td>Your preferred currency</td>
        </tr>
        <tr>
            <th>CUSTOMER</th>
            <td>An encrypted version of your customer id with the store.</td>
        </tr>
        <tr>
            <th>CUSTOMER_AUTH</th>
            <td>An indicator if you are currently logged into the store.</td>
        </tr>
        <tr>
            <th>CUSTOMER_INFO</th>
            <td>An encrypted version of the customer group you belong to.</td>
        </tr>
        <tr>
            <th>CUSTOMER_SEGMENT_IDS</th>
            <td>Stores the Customer Segment ID</td>
        </tr>
        <tr>
            <th>EXTERNAL_NO_CACHE</th>
            <td>A flag, which indicates whether caching is disabled or not.</td>
        </tr>
        <tr>
            <th>FRONTEND</th>
            <td>You sesssion ID on the server.</td>
        </tr>
        <tr>
            <th>GUEST-VIEW</th>
            <td>Allows guests to edit their orders.</td>
        </tr>
        <tr>
            <th>LAST_CATEGORY</th>
            <td>The last category you visited.</td>
        </tr>
        <tr>
            <th>LAST_PRODUCT</th>
            <td>The most recent product you have viewed.</td>
        </tr>
        <tr>
            <th>NEWMESSAGE</th>
            <td>Indicates whether a new message has been received.</td>
        </tr>
        <tr>
            <th>NO_CACHE</th>
            <td>Indicates whether it is allowed to use cache.</td>
        </tr>
        <tr>
            <th>PERSISTENT_SHOPPING_CART</th>
            <td>A link to information about your cart and viewing history if you have asked the site.</td>
        </tr>
        <tr>
            <th>POLL</th>
            <td>The ID of any polls you have recently voted in.</td>
        </tr>
        <tr>
            <th>POLLN</th>
            <td>Information on what polls you have voted on.</td>
        </tr>
        <tr>
            <th>RECENTLYCOMPARED</th>
            <td>The items that you have recently compared.            </td>
        </tr>
        <tr>
            <th>STF</th>
            <td>Information on products you have emailed to friends.</td>
        </tr>
        <tr>
            <th>STORE</th>
            <td>The store view or language you have selected.</td>
        </tr>
        <tr>
            <th>USER_ALLOWED_SAVE_COOKIE</th>
            <td>Indicates whether a customer allowed to use cookies.</td>
        </tr>
        <tr>
            <th>VIEWED_PRODUCT_IDS</th>
            <td>The products that you have recently viewed.</td>
        </tr>
        <tr>
            <th>WISHLIST</th>
            <td>An encrypted list of products added to your Wishlist.</td>
        </tr>
        <tr>
            <th>WISHLIST_CNT</th>
            <td>The number of items in your Wishlist.</td>
        </tr>
    </tbody>
</table>","2014-01-23 15:18:18","2015-05-13 20:05:40",1,0,,,,,,,0
7,Typography,one_column,,,typography,,"<div class=""rte"">
<div class=""panel panel-default"">
<div class=""panel-heading"">
<h3 class=""panel-title"">Heading</h3>
</div>
<div class=""panel-body"">
<h1>h1 – Heading 1</h1>
<h2>h2 – Heading 2</h2>
<h3>h3 – heading 3</h3>
<h4>h4 – heading 4</h4>
<h5>h5 – heading 5</h5>
<h6>h6 – heading 6</h6>
<hr />
<h1>h1. Heading <small>Secondary text</small></h1>
<h2>h2. Heading <small>Secondary text</small></h2>
<h3>h3. Heading <small>Secondary text</small></h3>
<h4>h4. Heading <small>Secondary text</small></h4>
<h5>h5. Heading <small>Secondary text</small></h5>
<h6>h6. Heading <small>Secondary text</small></h6>
</div>
</div>
<div class=""panel panel-default"">
<div class=""panel-heading"">
<h3 class=""panel-title"">Paragraph</h3>
</div>
<div class=""panel-body"">Lorem ipsum dolor sit amet, consectetuer adipiscing elit. Nullam lectus justo, vulputate eget mollis sed, tempor sed magna. Praesent dapibus. Fusce suscipit libero eget elit. Cum sociis natoque penatibus et magnis dis parturient montes, nascetur ridiculus mus. Duis aute irure dolor in reprehenderit in voluptate velit esse cillum dolore eu fugiat nulla pariatur. Cum sociis natoque penatibus et magnis dis parturient montes, nascetur ridiculus mus. Morbi scelerisque luctus velit. Maecenas libero. Praesent vitae arcu tempor neque lacinia pretium. Aliquam ornare wisi eu metus. Etiam dui sem, fermentum vitae, sagittis id, malesuada in, quam. Mauris dolor felis, sagittis at, luctus sed, aliquam non, tellus. Etiam posuere lacus quis dolor.</div>
</div>
<div class=""panel panel-default"">
<div class=""panel-heading"">
<h3 class=""panel-title"">Colors text</h3>
</div>
<div class=""panel-body"">
<p class=""text-muted"">Lorem ipsum dolor sit amet, consectetuer adipiscing elit.</p>
<p class=""text-primary"">Lorem ipsum dolor sit amet, consectetuer adipiscing elit.</p>
<p class=""text-success"">Lorem ipsum dolor sit amet, consectetuer adipiscing elit.</p>
<p class=""text-info"">Lorem ipsum dolor sit amet, consectetuer adipiscing elit.</p>
<p class=""text-warning"">Lorem ipsum dolor sit amet, consectetuer adipiscing elit.</p>
<p class=""text-danger"">Lorem ipsum dolor sit amet, consectetuer adipiscing elit.</p>
</div>
</div>
<div class=""panel panel-default"">
<div class=""panel-heading"">
<h3 class=""panel-title"">Lists</h3>
</div>
<div class=""panel-body"">
<h4>Unstyled</h4>
<ul class=""list-unstyled"">
<li>Quisque ipsam voluptatem</li>
<li>Aliquam faucibus mi</li>
<li>Nullam Raesent</li>
<li>Coluptas ipsam voluptatem</li>
<li>Nullam faucibus mi</li>
<li>Aliquam faucibus mi</li>
<li>Nullam Raesent</li>
<li>Quisque ipsam voluptatem</li>
<li>Aliquam faucibus mi</li>
</ul>
<hr />
<h4>Horizontal description</h4>
<dl class=""dl-horizontal""><dt>Coluptas ipsam</dt><dd>Aliquam faucibus mliquam faucibus mi</dd><dt>Coluptas ipsam</dt><dd>Aliquam faucibus mliquam faucibus mi</dd><dt>Coluptas ipsam</dt><dd>Aliquam faucibus mliquam faucibus mi</dd></dl><hr />
<h4>Description</h4>
<dl><dt>Aliquam faucibus</dt><dd>Coluptas ipsam ptas sam</dd><dt>Aliquam faucibus</dt><dd>Coluptas ipsam ptas sam</dd><dt>Aliquam faucibus</dt><dd>Coluptas ipsam ptas sam</dd></dl></div>
</div>
<div class=""panel panel-default"">
<div class=""panel-heading"">
<h3 class=""panel-title"">Blockquote</h3>
</div>
<div class=""panel-body"">
<blockquote>
<p>Mauris elementum mauris vitae tortor. Curabitur sagittis hendrerit ante. Nullam faucibus mi quis velit. Quisque porta. Duis risus. Sed ac dolor sit amet purus malesuada congue. Nulla accumsan, elit sit amet varius semper.</p>
</blockquote>
<blockquote>
<p>Lorem ipsum dolor sit amet, consectetur adipiscing elit. Integer posuere erat a ante. <small> Someone famous in <cite title=""Source Title"">Source Title</cite> </small></p>
</blockquote>
</div>
</div>
<div class=""panel panel-default"">
<div class=""panel-heading"">
<h3 class=""panel-title"">List</h3>
</div>
<div class=""panel-body"">
<ul class=""list-inline"">
<li>Lorem ipsum</li>
<li>Phasellus iaculis</li>
<li>Nulla volutpat</li>
</ul>
</div>
<div class=""panel-footer"">List inline – <code>.list-inline</code></div>
</div>
</div>","2014-10-04 05:32:00","2014-10-04 05:32:00",1,0,,,,,,,0
8,"Media object",one_column,,,media-object,,"<div class=""rte"">
<div class=""panel panel-default"">
<div class=""panel-heading"">
<h3 class=""panel-title"">Media Object</h3>
</div>
<div class=""panel-body"">
<ul class=""media-list"">
<li class=""media""><a class=""pull-left"" href=""#""> <img class=""media-object"" src=""http://placehold.it/80x80.jpg"" alt="""" /> </a>
<div class=""media-body"">
<h4 class=""media-heading"">Media heading</h4>
<p>Cras sit amet nibh libero, in gravida nulla. Nulla vel metus scelerisque ante sollicitudin commodo. Cras purus odio, vestibulum in vulputate at, tempus viverra turpis.</p>
<!-- Nested media object -->
<div class=""media""><a class=""pull-left"" href=""#""> <img class=""media-object"" src=""http://placehold.it/80x80.jpg"" alt="""" /> </a>
<div class=""media-body"">
<h4 class=""media-heading"">Nested media heading</h4>
Cras sit amet nibh libero, in gravida nulla. Nulla vel metus scelerisque ante sollicitudin commodo. Cras purus odio, vestibulum in vulputate at, tempus viverra turpis. <!-- Nested media object -->
<div class=""media""><a class=""pull-left"" href=""#""> <img class=""media-object"" src=""http://placehold.it/80x80.jpg"" alt="""" /> </a>
<div class=""media-body"">
<h4 class=""media-heading"">Nested media heading</h4>
Cras sit amet nibh libero, in gravida nulla. Nulla vel metus scelerisque ante sollicitudin commodo. Cras purus odio, vestibulum in vulputate at, tempus viverra turpis.</div>
</div>
</div>
</div>
<!-- Nested media object -->
<div class=""media""><a class=""pull-left"" href=""#""> <img class=""media-object"" src=""http://placehold.it/80x80.jpg"" alt="""" /> </a>
<div class=""media-body"">
<h4 class=""media-heading"">Nested media heading</h4>
Cras sit amet nibh libero, in gravida nulla. Nulla vel metus scelerisque ante sollicitudin commodo. Cras purus odio, vestibulum in vulputate at, tempus viverra turpis.</div>
</div>
</div>
</li>
<li class=""media""><a class=""pull-right"" href=""#""> <img class=""media-object"" src=""http://placehold.it/80x80.jpg"" alt="""" /> </a>
<div class=""media-body"">
<h4 class=""media-heading"">Media heading</h4>
Cras sit amet nibh libero, in gravida nulla. Nulla vel metus scelerisque ante sollicitudin commodo. Cras purus odio, vestibulum in vulputate at, tempus viverra turpis.</div>
</li>
</ul>
</div>
</div>
<div class=""panel panel-default"">
<div class=""panel-heading"">
<h3 class=""panel-title"">Service Style</h3>
</div>
<div class=""panel-body"">
<div class=""customer-service row"">
<div class=""media col-md-4"">
<div class=""pull-left icon-box""><em class=""fa fa-truck""> </em></div>
<div class=""media-body"">
<h4>Free Return</h4>
<p>Lorem ipsum dolor sit amet</p>
</div>
</div>
<div class=""media col-md-4"">
<div class=""pull-left icon-box""><em class=""fa fa-truck""> </em></div>
<div class=""media-body"">
<h4>Free Return</h4>
<p>Lorem ipsum dolor sit amet</p>
</div>
</div>
<div class=""media col-md-4"">
<div class=""pull-left icon-box""><em class=""fa fa-truck""> </em></div>
<div class=""media-body"">
<h4>Free Return</h4>
<p>Lorem ipsum dolor sit amet</p>
</div>
</div>
</div>
<hr class=""clear"" />
<div class=""customer-service row"">
<div class=""media col-md-4"">
<div class=""icon-box""><em class=""fa fa-truck""> </em></div>
<div class=""media-body"">
<h4>Free Return</h4>
<p>Lorem ipsum dolor sit amet</p>
</div>
</div>
<div class=""media col-md-4"">
<div class=""icon-box""><em class=""fa fa-truck""> </em></div>
<div class=""media-body"">
<h4>Free Return</h4>
<p>Lorem ipsum dolor sit amet</p>
</div>
</div>
<div class=""media col-md-4"">
<div class=""icon-box""><em class=""fa fa-truck""> </em></div>
<div class=""media-body"">
<h4>Free Return</h4>
<p>Lorem ipsum dolor sit amet</p>
</div>
</div>
</div>
<hr class=""clear"" />
<div class=""customer-service row"">
<div class=""media col-md-4"">
<div class=""pull-right icon-box""><em class=""fa fa-truck""> </em></div>
<div class=""media-body text-right"">
<h4>Free Return</h4>
<p>Lorem ipsum dolor sit amet</p>
</div>
</div>
<div class=""media col-md-4"">
<div class=""pull-right icon-box""><em class=""fa fa-truck""> </em></div>
<div class=""media-body text-right"">
<h4>Free Return</h4>
<p>Lorem ipsum dolor sit amet</p>
</div>
</div>
<div class=""media col-md-4"">
<div class=""pull-right icon-box""><em class=""fa fa-truck""> </em></div>
<div class=""media-body text-right"">
<h4>Free Return</h4>
<p>Lorem ipsum dolor sit amet</p>
</div>
</div>
</div>
</div>
</div>
<div class=""panel panel-default"">
<div class=""panel-heading"">
<h3 class=""panel-title"">Blogs Style</h3>
</div>
<div class=""panel-body"">
<div class=""blogs row"">
<div class=""blog-item media col-md-4"">
<div class=""image pull-left""><img class=""img-responsive"" src=""http://placehold.it/150x200.jpg"" alt="""" /></div>
<div class=""media-body"">
<h4 class=""media-heading"">Lorem ipsum dolor</h4>
<p>Lorem ipsum dolor sit amet, consectetuer adipiscing elit, sed diam nonummy nibh euismod tincidunt ut laoreet dolore magna aliquam erat volutpat</p>
<a class=""readmore btn btn-default"" href=""#"">Read more</a></div>
</div>
<div class=""blog-item media col-md-4"">
<div class=""image pull-left""><img class=""img-responsive"" src=""http://placehold.it/150x200.jpg"" alt="""" /></div>
<div class=""media-body"">
<h4 class=""media-heading"">Lorem ipsum dolor</h4>
<p>Lorem ipsum dolor sit amet, consectetuer adipiscing elit, sed diam nonummy nibh euismod tincidunt ut laoreet dolore magna aliquam erat volutpat</p>
<a class=""readmore btn btn-default"" href=""#"">Read more</a></div>
</div>
<div class=""blog-item media col-md-4"">
<div class=""image pull-left""><img class=""img-responsive"" src=""http://placehold.it/150x200.jpg"" alt="""" /></div>
<div class=""media-body"">
<h4 class=""media-heading"">Lorem ipsum dolor</h4>
<p>Lorem ipsum dolor sit amet, consectetuer adipiscing elit, sed diam nonummy nibh euismod tincidunt ut laoreet dolore magna aliquam erat volutpat</p>
<a class=""readmore btn btn-default"" href=""#"">Read more</a></div>
</div>
</div>
<hr class=""clear"" />
<div class=""blogs row"">
<div class=""blog-item media col-md-4"">
<div class=""image""><img class=""img-responsive"" src=""http://placehold.it/280x168.jpg"" alt="""" /></div>
<div class=""media-body"">
<h4 class=""media-heading"">Lorem ipsum dolor</h4>
<p>Lorem ipsum dolor sit amet, consectetuer adipiscing elit, sed diam nonummy nibh euismod tincidunt ut laoreet dolore magna aliquam erat volutpat</p>
<a class=""readmore btn btn-default"" href=""#"">Read more</a></div>
</div>
<div class=""blog-item media col-md-4"">
<div class=""image""><img class=""img-responsive"" src=""http://placehold.it/280x168.jpg"" alt="""" /></div>
<div class=""media-body"">
<h4 class=""media-heading"">Lorem ipsum dolor</h4>
<p>Lorem ipsum dolor sit amet, consectetuer adipiscing elit, sed diam nonummy nibh euismod tincidunt ut laoreet dolore magna aliquam erat volutpat</p>
<a class=""readmore btn btn-default"" href=""#"">Read more</a></div>
</div>
<div class=""blog-item media col-md-4"">
<div class=""image""><img class=""img-responsive"" src=""http://placehold.it/280x168.jpg"" alt="""" /></div>
<div class=""media-body"">
<h4 class=""media-heading"">Lorem ipsum dolor</h4>
<p>Lorem ipsum dolor sit amet, consectetuer adipiscing elit, sed diam nonummy nibh euismod tincidunt ut laoreet dolore magna aliquam erat volutpat</p>
<a class=""readmore btn btn-default"" href=""#"">Read more</a></div>
</div>
</div>
<hr class=""clear"" />
<div class=""blogs row"">
<div class=""blog-item media col-md-4"">
<div class=""image pull-right""><img class=""img-responsive"" src=""http://placehold.it/150x200.jpg"" alt="""" /></div>
<div class=""media-body"">
<h4 class=""media-heading"">Lorem ipsum dolor</h4>
<p>Lorem ipsum dolor sit amet, consectetuer adipiscing elit, sed diam nonummy nibh euismod tincidunt ut laoreet dolore magna aliquam erat volutpat</p>
<a class=""readmore btn btn-default"" href=""#"">Read more</a></div>
</div>
<div class=""blog-item media col-md-4"">
<div class=""image pull-right""><img class=""img-responsive"" src=""http://placehold.it/150x200.jpg"" alt="""" /></div>
<div class=""media-body"">
<h4 class=""media-heading"">Lorem ipsum dolor</h4>
<p>Lorem ipsum dolor sit amet, consectetuer adipiscing elit, sed diam nonummy nibh euismod tincidunt ut laoreet dolore magna aliquam erat volutpat</p>
<a class=""readmore btn btn-default"" href=""#"">Read more</a></div>
</div>
<div class=""blog-item media col-md-4"">
<div class=""image pull-right""><img class=""img-responsive"" src=""http://placehold.it/150x200.jpg"" alt="""" /></div>
<div class=""media-body"">
<h4 class=""media-heading"">Lorem ipsum dolor</h4>
<p>Lorem ipsum dolor sit amet, consectetuer adipiscing elit, sed diam nonummy nibh euismod tincidunt ut laoreet dolore magna aliquam erat volutpat</p>
<a class=""readmore btn btn-default"" href=""#"">Read more</a></div>
</div>
</div>
</div>
<div class=""panel-footer"">
<pre><ul class=""media-list"">	
 <li class=""media"">	
   <a class=""pull-left"" href=""#"">	
     <img class=""media-object"" src=""..."" alt=""..."">	
   </a>	
   <div class=""media-body"">	
     <h4 class=""media-heading"">Media heading</h4>	
     ...	
   </div>	
 </li>	
</ul></pre>
</div>
</div>
</div>","2014-10-04 05:34:02","2014-10-04 05:34:02",1,0,,,,,,,0
9," Grid System",one_column,,,grid-system,,"<div class=""rte"">
		<div class=""features elements"">
<h2>Grid Layout</h2>
<p>Responsive fluid grid system that appropriately scales up to 12 columns. Resize your browser on your desktop to see the responsiveness in action!</p>
<div class=""alert alert-info"">Find out more about the grid system on the <a href=""http://getbootstrap.com/css/#grid"">official sites</a> <button type=""button"" class=""close"">ÃƒÆ’Ã†â€™Ãƒâ€ Ã¢â‚¬â„¢ÃƒÆ’Ã‚Â¢ÃƒÂ¢Ã¢â‚¬Å¡Ã‚Â¬ÃƒÂ¢Ã¢â€šÂ¬Ã‚Â</button></div>
<hr><div class=""grid-system"">
<div class=""col-md-1"">
<div class=""cell"">1</div>
</div>
<div class=""col-md-1"">
<div class=""cell"">1</div>
</div>
<div class=""col-md-1"">
<div class=""cell"">1</div>
</div>
<div class=""col-md-1"">
<div class=""cell"">1</div>
</div>
<div class=""col-md-1"">
<div class=""cell"">1</div>
</div>
<div class=""col-md-1"">
<div class=""cell"">1</div>
</div>
<div class=""col-md-1"">
<div class=""cell"">1</div>
</div>
<div class=""col-md-1"">
<div class=""cell"">1</div>
</div>
<div class=""col-md-1"">
<div class=""cell"">1</div>
</div>
<div class=""col-md-1"">
<div class=""cell"">1</div>
</div>
<div class=""col-md-1"">
<div class=""cell"">1</div>
</div>
<div class=""col-md-1"">
<div class=""cell"">1</div>
</div>
<div class=""col-md-2"">
<div class=""cell"">2</div>
</div>
<div class=""col-md-2"">
<div class=""cell"">2</div>
</div>
<div class=""col-md-2"">
<div class=""cell"">2</div>
</div>
<div class=""col-md-2"">
<div class=""cell"">2</div>
</div>
<div class=""col-md-2"">
<div class=""cell"">2</div>
</div>
<div class=""col-md-2"">
<div class=""cell"">2</div>
</div>
<div class=""col-md-3"">
<div class=""cell"">3</div>
</div>
<div class=""col-md-3"">
<div class=""cell"">3</div>
</div>
<div class=""col-md-3"">
<div class=""cell"">3</div>
</div>
<div class=""col-md-3"">
<div class=""cell"">3</div>
</div>
<div class=""col-md-4"">
<div class=""cell"">4</div>
</div>
<div class=""col-md-4"">
<div class=""cell"">4</div>
</div>
<div class=""col-md-4"">
<div class=""cell"">4</div>
</div>
<div class=""col-md-6"">
<div class=""cell"">6</div>
</div>
<div class=""col-md-6"">
<div class=""cell"">6</div>
</div>
<div class=""col-md-12"">
<div class=""cell"">12</div>
</div>
</div>
<hr><div class=""row"">
<div class=""col-md-3"">
<h3>One Fourth</h3>
<p>Integer rutrum, orci vestibulum ullamcorper ultricies, lacus quam ultricies odio, vitae placerat pede sem sit amet enim.</p>
</div>
<div class=""col-md-3"">
<h3>One Fourth</h3>
<p>Integer rutrum, orci vestibulum ullamcorper ultricies, lacus quam ultricies odio, vitae placerat pede sem sit amet enim.</p>
</div>
<div class=""col-md-3"">
<h3>One Fourth</h3>
<p>Integer rutrum, orci vestibulum ullamcorper ultricies, lacus quam ultricies odio, vitae placerat pede sem sit amet enim.</p>
</div>
<div class=""col-md-3"">
<h3>One Fourth</h3>
<p>Integer rutrum, orci vestibulum ullamcorper ultricies, lacus quam ultricies odio, vitae placerat pede sem sit amet enim.</p>
</div>
<div class=""col-md-4"">
<h3>One Third</h3>
<p>Integer rutrum, orci vestibulum ullamcorper ultricies, lacus quam ultricies odio, vitae placerat pede sem sit amet enim. Phasellus enim erat, vestibulum vel, aliquam a, posuere eu, velit.</p>
</div>
<div class=""col-md-4"">
<h3>One Third</h3>
<p>Integer rutrum, orci vestibulum ullamcorper ultricies, lacus quam ultricies odio, vitae placerat pede sem sit amet enim. Phasellus enim erat, vestibulum vel, aliquam a, posuere eu, velit.</p>
</div>
<div class=""col-md-4"">
<h3>One Third</h3>
<p>Integer rutrum, orci vestibulum ullamcorper ultricies, lacus quam ultricies odio, vitae placerat pede sem sit amet enim. Phasellus enim erat, vestibulum vel, aliquam a, posuere eu, velit.</p>
</div>
<div class=""col-md-6"">
<h3>One Half</h3>
<p>Integer rutrum, orci vestibulum ullamcorper ultricies, lacus quam ultricies odio, vitae placerat pede sem sit amet enim. Phasellus enim erat, vestibulum vel, aliquam a, posuere eu, velit. Etiam posuere lacus quis dolor. Praesent dapibus. Vestibulum erat nulla, ullamcorper nec, rutrum non, nonummy ac, erat. Etiam bibendum elit eget erat. Integer in sapien.</p>
</div>
<div class=""col-md-6"">
<h3>One Half</h3>
<p>Integer rutrum, orci vestibulum ullamcorper ultricies, lacus quam ultricies odio, vitae placerat pede sem sit amet enim. Phasellus enim erat, vestibulum vel, aliquam a, posuere eu, velit. Etiam posuere lacus quis dolor. Praesent dapibus. Vestibulum erat nulla, ullamcorper nec, rutrum non, nonummy ac, erat. Etiam bibendum elit eget erat. Integer in sapien.</p>
</div>
<div class=""col-md-12"">
<h3>Full Width</h3>
<p>Integer rutrum, orci vestibulum ullamcorper ultricies, lacus quam ultricies odio, vitae placerat pede sem sit amet enim. Phasellus enim erat, vestibulum vel, aliquam a, posuere eu, velit. Etiam posuere lacus quis dolor. Praesent dapibus. Vestibulum erat nulla, ullamcorper nec, rutrum non, nonummy ac, erat. Etiam bibendum elit eget erat. Integer in sapien. Nullam feugiat, turpis at pulvinar vulputate, erat libero tristique tellus, nec bibendum odio risus sit amet ante. Mauris metus. Nullam eget nisl. Nulla pulvinar eleifend sem. Cras elementum. Pellentesque ipsum. Excepteur sint occaecat cupidatat non proident, sunt in culpa qui officia deserunt mollit anim id est laborum. Integer imperdiet lectus quis justo.</p>
</div>
</div>
</div>
	</div>","2014-10-04 05:34:50","2014-10-04 05:34:50",1,0,,,,,,,0
10," Forms",one_column,,,forms,,"<div class=""rte"">
		<div class=""panel panel-default"">
<div class=""panel-heading"">
<h3 class=""panel-title"">Big form with icon</h3>
</div>
<div class=""panel-body""><form class=""icon"">
<div class=""form-group"">
<div class=""input-group"">
<div class=""input-group-addon""><em class=""fa fa-user""> </em></div>
<p><input type=""text"" placeholder=""Full name"" class=""form-control""></p>
</div>
</div>
<div class=""form-group"">
<div class=""input-group"">
<div class=""input-group-addon""><em class=""fa fa-envelope""> </em></div>
<p><input type=""email"" placeholder=""Enter email"" class=""form-control""></p>
</div>
</div>
<p><button type=""submit"" class=""hidden-xs hidden-sm btn btn-outline""> <em class=""fa fa-pencil""> </em> Send Message </button></p>
</form></div>
</div>
<div class=""panel panel-default"">
<div class=""panel-heading"">
<h3 class=""panel-title"">Big form without icon</h3>
</div>
<div class=""panel-body""><form class=""form-lg"">
<div class=""form-group ""><input type=""text"" placeholder=""Full name"" class=""form-control""></div>
<div class=""form-group""><input type=""email"" placeholder=""Enter email"" class=""form-control""></div>
<p><button type=""submit"" class=""hidden-xs hidden-sm btn btn-outline"">Send Message</button></p>
</form></div>
</div>
<div class=""panel panel-default"">
<div class=""panel-heading"">
<h3 class=""panel-title"">Small form without icon</h3>
</div>
<div class=""panel-body""><form class=""no-icon"">
<div class=""form-group""><input type=""text"" placeholder=""Full name"" class=""form-control""></div>
<div class=""form-group""><input type=""email"" placeholder=""Enter email"" class=""form-control""></div>
<p><button type=""submit"" class=""hidden-xs hidden-sm btn btn-outline"">Send Message</button></p>
</form></div>
</div>
<div class=""panel panel-default"">
<div class=""panel-heading"">
<h3 class=""panel-title"">Form Horizontal</h3>
</div>
<div class=""panel-body""><form class=""form-horizontal""><fieldset><legend>Legend</legend>
<div class=""form-group"">
<p><label for=""inputEmail"" class=""col-lg-2 control-label"">Email</label></p>
<div class=""col-lg-10""><input type=""text"" placeholder=""Email"" class=""form-control"" id=""inputEmail""></div>
</div>
<div class=""form-group"">
<p><label for=""inputPassword"" class=""col-lg-2 control-label"">Password</label></p>
<div class=""col-lg-10"">
<p><input type=""password"" placeholder=""Password"" class=""form-control"" id=""inputPassword""></p>
<div class=""checkbox""><label> <input type=""checkbox"">Checkbox</label></div>
</div>
</div>
<div class=""form-group"">
<p><label for=""textArea"" class=""col-lg-2 control-label"">Textarea</label></p>
<div class=""col-lg-10""><textarea rows=""3"" class=""form-control"" id=""textArea""></textarea> <span class=""help-block""> A longer block of help text that breaks onto a new line and may extend beyond one line. </span></div>
</div>
<div class=""form-group"">
<p><label class=""col-lg-2 control-label"">Radios</label></p>
<div class=""col-lg-10"">
<div class=""radio""><label> <input type=""radio"" value=""option1"" name=""optionsRadios"" checked=""checked"" id=""optionsRadios1"">Option one is this</label></div>
<div class=""radio""><label> <input type=""radio"" value=""option2"" name=""optionsRadios"" id=""optionsRadios2"">Option two can be something else</label></div>
</div>
</div>
<div class=""form-group"">
<p><label for=""select"" class=""col-lg-2 control-label"">Selects</label></p>
<div class=""col-lg-10""><select class=""form-control"" id=""select"">
<option>1</option>
<option>2</option>
<option>3</option>
<option>4</option>
<option>5</option>
</select><select multiple=""multiple"" class=""form-control"">
<option>1</option>
<option>2</option>
<option>3</option>
<option>4</option>
<option>5</option>
</select></div>
</div>
<div class=""form-group"">
<div class=""col-lg-10 col-lg-offset-2""><button class=""btn btn-outline"">Cancel</button> <button type=""submit"" class=""btn btn-outline"">Submit</button></div>
</div>
</fieldset></form></div>
</div>
<div class=""panel panel-default"">
<div class=""panel-heading"">
<h3 class=""panel-title"">Form Color</h3>
</div>
<div class=""panel-body"">
<div class=""form-group""><label for=""focusedInput"" class=""control-label"">Focused input</label> <input type=""text"" value=""This is focused..."" class=""form-control"" id=""focusedInput""></div>
<div class=""form-group""><label for=""disabledInput"" class=""control-label"">Disabled input</label> <input type=""text"" placeholder=""Disabled input here..."" disabled=""disabled"" class=""form-control"" id=""disabledInput""></div>
<div class=""form-group has-warning""><label for=""inputWarning"" class=""control-label"">Input warning</label> <input type=""text"" class=""form-control"" id=""inputWarning""></div>
<div class=""form-group has-error""><label for=""inputError"" class=""control-label"">Input error</label> <input type=""text"" class=""form-control"" id=""inputError""></div>
<div class=""form-group has-success""><label for=""inputSuccess"" class=""control-label"">Input success</label> <input type=""text"" class=""form-control"" id=""inputSuccess""></div>
<div class=""form-group""><label for=""inputLarge"" class=""control-label"">Large input</label> <input type=""text"" class=""form-control input-lg"" id=""inputLarge""></div>
<div class=""form-group""><label for=""inputDefault"" class=""control-label"">Default input</label> <input type=""text"" class=""form-control"" id=""inputDefault""></div>
<div class=""form-group""><label for=""inputSmall"" class=""control-label"">Small input</label> <input type=""text"" class=""form-control input-sm"" id=""inputSmall""></div>
<div class=""form-group"">
<p><label class=""control-label"">Input addons</label></p>
<div class=""input-group""><span class=""input-group-addon"">$</span> <input type=""text"" class=""form-control""> <span class=""input-group-btn""> <button type=""button"" class=""btn btn-outline"">Button</button> </span></div>
</div>
</div>
</div>
	</div>","2014-10-04 05:35:33","2014-10-04 05:35:33",1,0,,,,,,,0
11,Icon,one_column,,,icon,,"<div class=""rte"">
		<div class=""features elements"">
<h3>Font Awesome 4.1.0</h3>
<p>Font Awesome gives you scalable vector icons that can instantly be customized. <small>Official Websites: <a href=""http://fortawesome.github.io/Font-Awesome/"">Font Awesome</a> </small></p>
<ul class=""nav nav-tabs"">
<li class=""active""><a data-toggle=""tab"" href=""#WebApplication"">Web Application</a></li>
<li><a data-toggle=""tab"" href=""#FormControl"">Form Control</a></li>
<li><a data-toggle=""tab"" href=""#Directional "">Directional</a></li>
<li><a data-toggle=""tab"" href=""#VideoPlayer"">Video Player</a></li>
<li><a data-toggle=""tab"" href=""#BrandIcons"">Brand Icons</a></li>
<li><a data-toggle=""tab"" href=""#Medical"">Medical</a></li>
</ul>
<div class=""tab-content icons-examples"">
<div class=""tab-pane fade active in"" id=""WebApplication""><em class=""fa fa-adjust""> </em><em class=""fa fa-anchor""> </em><em class=""fa fa-archive""> </em><em class=""fa fa-asterisk""> </em><em class=""fa fa-ban""> </em><em class=""fa fa-bar-chart-o""> </em><em class=""fa fa-barcode""> </em><em class=""fa fa-beer""> </em><em class=""fa fa-bell""> </em><em class=""fa fa-bell-o""> </em><em class=""fa fa-bolt""> </em><em class=""fa fa-book""> </em><em class=""fa fa-bookmark""> </em><em class=""fa fa-bookmark-o""> </em><em class=""fa fa-briefcase""> </em><em class=""fa fa-bug""> </em><em class=""fa fa-bullhorn""> </em><em class=""fa fa-bullseye""> </em><em class=""fa fa-automobile""> </em><em class=""fa fa-bank""> </em><em class=""fa fa-behance""> </em><em class=""fa fa-behance-square""> </em><em class=""fa fa-bomb""> </em><em class=""fa fa-building""> </em><em class=""fa fa-cab""> </em><em class=""fa fa-car""> </em><em class=""fa fa-child""> </em><em class=""fa fa-circle-o-notch""> </em><em class=""fa fa-circle-thin""> </em><em class=""fa fa-codepen""> </em><em class=""fa fa-cube""> </em><em class=""fa fa-cubes""> </em><em class=""fa fa-database""> </em><em class=""fa fa-delicious""> </em><em class=""fa fa-deviantart""> </em><em class=""fa fa-digg""> </em><em class=""fa fa-drupal""> </em><em class=""fa fa-empire""> </em><em class=""fa fa-envelope-square""> </em><em class=""fa fa-fax""> </em><em class=""fa fa-file-archive-o""> </em><em class=""fa fa-file-audio-o""> </em><em class=""fa fa-file-code-o""> </em><em class=""fa fa-file-excel-o""> </em><em class=""fa fa-file-image-o""> </em><em class=""fa fa-file-movie-o""> </em><em class=""fa fa-file-pdf-o""> </em><em class=""fa fa-file-photo-o""> </em><em class=""fa fa-file-picture-o""> </em><em class=""fa fa-file-powerpoint-o""> </em><em class=""fa fa-file-sound-o""> </em><em class=""fa fa-file-video-o""> </em><em class=""fa fa-file-word-o""> </em><em class=""fa fa-file-zip-o""> </em><em class=""fa fa-ge""> </em><em class=""fa fa-git""> </em><em class=""fa fa-git-square""> </em><em class=""fa fa-google""> </em><em class=""fa fa-graduation-cap""> </em><em class=""fa fa-hacker-news""> </em><em class=""fa fa-header""> </em><em class=""fa fa-history""> </em><em class=""fa fa-institution""> </em><em class=""fa fa-joomla""> </em><em class=""fa fa-jsfiddle""> </em><em class=""fa fa-language""> </em><em class=""fa fa-life-bouy""> </em><em class=""fa fa-life-ring""> </em><em class=""fa fa-life-saver""> </em><em class=""fa fa-mortar-board""> </em><em class=""fa fa-openid""> </em><em class=""fa fa-paper-plane""> </em><em class=""fa fa-paper-plane-o""> </em><em class=""fa fa-paragraph""> </em><em class=""fa fa-paw""> </em><em class=""fa fa-pied-piper""> </em><em class=""fa fa-pied-piper-alt""> </em><em class=""fa fa-pied-piper-square""> </em><em class=""fa fa-qq""> </em><em class=""fa fa-ra""> </em><em class=""fa fa-rebel""> </em><em class=""fa fa-recycle""> </em><em class=""fa fa-reddit""> </em><em class=""fa fa-reddit-square""> </em><em class=""fa fa-send""> </em><em class=""fa fa-send-o""> </em><em class=""fa fa-share-alt""> </em><em class=""fa fa-share-alt-square""> </em><em class=""fa fa-slack""> </em><em class=""fa fa-sliders""> </em><em class=""fa fa-soundcloud""> </em><em class=""fa fa-space-shuttle""> </em><em class=""fa fa-spoon""> </em><em class=""fa fa-spotify""> </em><em class=""fa fa-steam""> </em><em class=""fa fa-steam-square""> </em><em class=""fa fa-stumbleupon""> </em><em class=""fa fa-stumbleupon-circle""> </em><em class=""fa fa-support""> </em><em class=""fa fa-taxi""> </em><em class=""fa fa-tencent-weibo""> </em><em class=""fa fa-tree""> </em><em class=""fa fa-university""> </em><em class=""fa fa-vine""> </em><em class=""fa fa-wechat""> </em><em class=""fa fa-weixin""> </em><em class=""fa fa-yahoo""> </em><em class=""fa fa-calendar""> </em><em class=""fa fa-calendar-o""> </em><em class=""fa fa-camera""> </em><em class=""fa fa-camera-retro""> </em><em class=""fa fa-caret-square-o-down""> </em><em class=""fa fa-caret-square-o-left""> </em><em class=""fa fa-caret-square-o-right""> </em><em class=""fa fa-caret-square-o-up""> </em><em class=""fa fa-certificate""> </em><em class=""fa fa-check""> </em><em class=""fa fa-check-circle""> </em><em class=""fa fa-check-circle-o""> </em><em class=""fa fa-check-square""> </em><em class=""fa fa-check-square-o""> </em><em class=""fa fa-circle""> </em><em class=""fa fa-circle-o""> </em><em class=""fa fa-clock-o""> </em><em class=""fa fa-cloud""> </em><em class=""fa fa-cloud-download""> </em><em class=""fa fa-cloud-upload""> </em><em class=""fa fa-code""> </em><em class=""fa fa-code-fork""> </em><em class=""fa fa-coffee""> </em><em class=""fa fa-cog""> </em><em class=""fa fa-cogs""> </em><em class=""fa fa-comment""> </em><em class=""fa fa-comment-o""> </em><em class=""fa fa-comments""> </em><em class=""fa fa-comments-o""> </em><em class=""fa fa-compass""> </em><em class=""fa fa-credit-card""> </em><em class=""fa fa-crop""> </em><em class=""fa fa-crosshairs""> </em><em class=""fa fa-cutlery""> </em><em class=""fa fa-dashboard""> </em><em class=""fa fa-desktop""> </em><em class=""fa fa-dot-circle-o""> </em><em class=""fa fa-download""> </em><em class=""fa fa-edit""> </em><em class=""fa fa-envelope""> </em><em class=""fa fa-envelope-o""> </em><em class=""fa fa-eraser""> </em><em class=""fa fa-exchange""> </em><em class=""fa fa-exclamation""> </em><em class=""fa fa-exclamation-circle""> </em><em class=""fa fa-exclamation-triangle""> </em><em class=""fa fa-external-link""> </em><em class=""fa fa-external-link-square""> </em><em class=""fa fa-eye""> </em><em class=""fa fa-eye-slash""> </em><em class=""fa fa-female""> </em><em class=""fa fa-fighter-jet""> </em><em class=""fa fa-film""> </em><em class=""fa fa-filter""> </em><em class=""fa fa-fire""> </em><em class=""fa fa-fire-extinguisher""> </em><em class=""fa fa-flag""> </em><em class=""fa fa-flag-checkered""> </em><em class=""fa fa-flag-o""> </em><em class=""fa fa-flash""> </em><em class=""fa fa-flask""> </em><em class=""fa fa-folder""> </em><em class=""fa fa-folder-o""> </em><em class=""fa fa-folder-open""> </em><em class=""fa fa-folder-open-o""> </em><em class=""fa fa-frown-o""> </em><em class=""fa fa-gamepad""> </em><em class=""fa fa-gavel""> </em><em class=""fa fa-gear""> </em><em class=""fa fa-gears""> </em><em class=""fa fa-gift""> </em><em class=""fa fa-glass""> </em><em class=""fa fa-globe""> </em><em class=""fa fa-group""> </em><em class=""fa fa-headphones""> </em><em class=""fa fa-heart""> </em><em class=""fa fa-heart-o""> </em><em class=""fa fa-home""> </em><em class=""fa fa-inbox""> </em><em class=""fa fa-info""> </em><em class=""fa fa-info-circle""> </em><em class=""fa fa-key""> </em><em class=""fa fa-keyboard-o""> </em><em class=""fa fa-laptop""> </em><em class=""fa fa-leaf""> </em><em class=""fa fa-legal""> </em><em class=""fa fa-lemon-o""> </em><em class=""fa fa-level-down""> </em><em class=""fa fa-level-up""> </em><em class=""fa fa-lightbulb-o""> </em><em class=""fa fa-location-arrow""> </em><em class=""fa fa-lock""> </em><em class=""fa fa-magic""> </em><em class=""fa fa-magnet""> </em><em class=""fa fa-mail-forward""> </em><em class=""fa fa-mail-reply""> </em><em class=""fa fa-mail-reply-all""> </em><em class=""fa fa-male""> </em><em class=""fa fa-map-marker""> </em><em class=""fa fa-meh-o""> </em><em class=""fa fa-microphone""> </em><em class=""fa fa-microphone-slash""> </em><em class=""fa fa-minus""> </em><em class=""fa fa-minus-circle""> </em><em class=""fa fa-minus-square""> </em><em class=""fa fa-minus-square-o""> </em><em class=""fa fa-mobile""> </em><em class=""fa fa-mobile-phone""> </em><em class=""fa fa-money""> </em><em class=""fa fa-moon-o""> </em><em class=""fa fa-music""> </em><em class=""fa fa-pencil""> </em><em class=""fa fa-pencil-square""> </em><em class=""fa fa-pencil-square-o""> </em><em class=""fa fa-phone""> </em><em class=""fa fa-phone-square""> </em><em class=""fa fa-picture-o""> </em><em class=""fa fa-plane""> </em><em class=""fa fa-plus""> </em><em class=""fa fa-plus-circle""> </em><em class=""fa fa-plus-square""> </em><em class=""fa fa-power-off""> </em><em class=""fa fa-print""> </em><em class=""fa fa-puzzle-piece""> </em><em class=""fa fa-qrcode""> </em><em class=""fa fa-question""> </em><em class=""fa fa-question-circle""> </em><em class=""fa fa-quote-left""> </em><em class=""fa fa-quote-right""> </em><em class=""fa fa-random""> </em><em class=""fa fa-refresh""> </em><em class=""fa fa-reply""> </em><em class=""fa fa-reply-all""> </em><em class=""fa fa-retweet""> </em><em class=""fa fa-road""> </em><em class=""fa fa-rocket""> </em><em class=""fa fa-rss""> </em><em class=""fa fa-rss-square""> </em><em class=""fa fa-search""> </em><em class=""fa fa-search-minus""> </em><em class=""fa fa-search-plus""> </em><em class=""fa fa-share""> </em><em class=""fa fa-share-square""> </em><em class=""fa fa-share-square-o""> </em><em class=""fa fa-shield""> </em><em class=""fa fa-shopping-cart""> </em><em class=""fa fa-sign-in""> </em><em class=""fa fa-sign-out""> </em><em class=""fa fa-signal""> </em><em class=""fa fa-sitemap""> </em><em class=""fa fa-smile-o""> </em><em class=""fa fa-sort""> </em><em class=""fa fa-sort-alpha-asc""> </em><em class=""fa fa-sort-alpha-desc""> </em><em class=""fa fa-sort-amount-asc""> </em><em class=""fa fa-sort-amount-desc""> </em><em class=""fa fa-sort-asc""> </em><em class=""fa fa-sort-desc""> </em><em class=""fa fa-sort-down""> </em><em class=""fa fa-sort-numeric-asc""> </em><em class=""fa fa-sort-up""> </em><em class=""fa fa-spinner""> </em><em class=""fa fa-square""> </em><em class=""fa fa-square-o""> </em><em class=""fa fa-star""> </em><em class=""fa fa-star-half""> </em><em class=""fa fa-star-half-empty""> </em><em class=""fa fa-star-half-full""> </em><em class=""fa fa-star-half-o""> </em><em class=""fa fa-star-o""> </em><em class=""fa fa-subscript""> </em><em class=""fa fa-suitcase""> </em><em class=""fa fa-sun-o""> </em><em class=""fa fa-superscript""> </em><em class=""fa fa-tablet""> </em><em class=""fa fa-tachometer""> </em><em class=""fa fa-tag""> </em><em class=""fa fa-tags""> </em><em class=""fa fa-tasks""> </em><em class=""fa fa-terminal""> </em><em class=""fa fa-thumb-tack""> </em><em class=""fa fa-thumbs-down""> </em><em class=""fa fa-thumbs-o-down""> </em><em class=""fa fa-thumbs-o-up""> </em><em class=""fa fa-thumbs-up""> </em><em class=""fa fa-ticket""> </em><em class=""fa fa-times""> </em><em class=""fa fa-times-circle""> </em><em class=""fa fa-times-circle-o""> </em><em class=""fa fa-tint""> </em><em class=""fa fa-toggle-down""> </em><em class=""fa fa-toggle-left""> </em><em class=""fa fa-toggle-right""> </em><em class=""fa fa-toggle-up""> </em><em class=""fa fa-trash-o""> </em><em class=""fa fa-trophy""> </em><em class=""fa fa-truck""> </em><em class=""fa fa-umbrella""> </em><em class=""fa fa-unlock""> </em><em class=""fa fa-unsorted""> </em><em class=""fa fa-upload""> </em><em class=""fa fa-user""> </em><em class=""fa fa-video-camera""> </em><em class=""fa fa-volume-down""> </em><em class=""fa fa-volume-off""> </em><em class=""fa fa-volume-up""> </em><em class=""fa fa-warning""> </em><em class=""fa fa-wheelchair""> </em><em class=""fa fa-wrench""> </em></div>
<div class=""tab-pane fade"" id=""FormControl""><em class=""fa fa-check-square""> </em><em class=""fa fa-check-square-o""> </em><em class=""fa fa-circle""> </em><em class=""fa fa-circle-o""> </em><em class=""fa fa-dot-circle-o""> </em><em class=""fa fa-minus-square""> </em><em class=""fa fa-minus-square-o""> </em><em class=""fa fa-plus-square""> </em><em class=""fa fa-square""> </em><em class=""fa fa-square-o""> </em></div>
<div class=""tab-pane fade"" id=""Directional""><em class=""fa fa-angle-double-down""> </em><em class=""fa fa-angle-double-left""> </em><em class=""fa fa-angle-double-right""> </em><em class=""fa fa-angle-double-up""> </em><em class=""fa fa-angle-down""> </em><em class=""fa fa-angle-left""> </em><em class=""fa fa-angle-right""> </em><em class=""fa fa-angle-up""> </em><em class=""fa fa-arrow-circle-down""> </em><em class=""fa fa-arrow-circle-left""> </em><em class=""fa fa-arrow-circle-o-down""> </em><em class=""fa fa-arrow-circle-o-left""> </em><em class=""fa fa-arrow-circle-o-up""> </em><em class=""fa fa-arrow-circle-right""> </em><em class=""fa fa-arrow-circle-up""> </em><em class=""fa fa-arrow-down""> </em><em class=""fa fa-arrow-left""> </em><em class=""fa fa-arrow-right""> </em><em class=""fa fa-arrow-up""> </em><em class=""fa fa-caret-down""> </em><em class=""fa fa-caret-left""> </em><em class=""fa fa-caret-right""> </em><em class=""fa fa-caret-square-o-down""> </em><em class=""fa fa-caret-square-o-left""> </em><em class=""fa fa-caret-square-o-right""> </em><em class=""fa fa-caret-square-o-up""> </em><em class=""fa fa-caret-up""> </em><em class=""fa fa-chevron-circle-down""> </em><em class=""fa fa-chevron-circle-left""> </em><em class=""fa fa-chevron-circle-right""> </em><em class=""fa fa-chevron-circle-up""> </em><em class=""fa fa-chevron-down""> </em><em class=""fa fa-chevron-left""> </em><em class=""fa fa-chevron-right""> </em><em class=""fa fa-chevron-up""> </em><em class=""fa fa-hand-o-down""> </em><em class=""fa fa-hand-o-left""> </em><em class=""fa fa-hand-o-right""> </em><em class=""fa fa-hand-o-up""> </em><em class=""fa fa-long-arrow-down""> </em><em class=""fa fa-long-arrow-left""> </em><em class=""fa fa-long-arrow-right""> </em><em class=""fa fa-long-arrow-up""> </em><em class=""fa fa-toggle-down""> </em><em class=""fa fa-toggle-left""> </em><em class=""fa fa-toggle-right""> </em><em class=""fa fa-toggle-up""> </em></div>
<div class=""tab-pane fade"" id=""VideoPlayer""><em class=""fa fa-arrows-alt""> </em><em class=""fa fa-backward""> </em><em class=""fa fa-compress""> </em><em class=""fa fa-eject""> </em><em class=""fa fa-expand""> </em><em class=""fa fa-fast-backward""> </em><em class=""fa fa-fast-forward""> </em><em class=""fa fa-forward""> </em><em class=""fa fa-pause""> </em><em class=""fa fa-play""> </em><em class=""fa fa-play-circle""> </em><em class=""fa fa-play-circle-o""> </em><em class=""fa fa-step-backward""> </em><em class=""fa fa-step-forward""> </em><em class=""fa fa-stop""> </em><em class=""fa fa-youtube-play""> </em></div>
<div class=""tab-pane fade"" id=""BrandIcons""><em class=""fa fa-adn""> </em><em class=""fa fa-android""> </em><em class=""fa fa-apple""> </em><em class=""fa fa-behance""> </em><em class=""fa fa-behance-square""> </em><em class=""fa fa-bitbucket""> </em><em class=""fa fa-bitbucket-square""> </em><em class=""fa fa-bitcoin""> </em><em class=""fa fa-btc""> </em><em class=""fa fa-codepen""> </em><em class=""fa fa-css3""> </em><em class=""fa fa-delicious""> </em><em class=""fa fa-deviantart""> </em><em class=""fa fa-digg""> </em><em class=""fa fa-dribbble""> </em><em class=""fa fa-dropbox""> </em><em class=""fa fa-drupal""> </em><em class=""fa fa-empire""> </em><em class=""fa fa-facebook""> </em><em class=""fa fa-facebook-square""> </em><em class=""fa fa-flickr""> </em><em class=""fa fa-foursquare""> </em><em class=""fa fa-ge""> </em><em class=""fa fa-git""> </em><em class=""fa fa-git-square""> </em><em class=""fa fa-github""> </em><em class=""fa fa-github-alt""> </em><em class=""fa fa-github-square""> </em><em class=""fa fa-gittip""> </em><em class=""fa fa-google""> </em><em class=""fa fa-google-plus""> </em><em class=""fa fa-google-plus-square""> </em><em class=""fa fa-hacker-news""> </em><em class=""fa fa-html5""> </em><em class=""fa fa-instagram""> </em><em class=""fa fa-joomla""> </em><em class=""fa fa-jsfiddle""> </em><em class=""fa fa-linkedin""> </em><em class=""fa fa-linkedin-square""> </em><em class=""fa fa-linux""> </em><em class=""fa fa-maxcdn""> </em><em class=""fa fa-openid""> </em><em class=""fa fa-pagelines""> </em><em class=""fa fa-pied-piper""> </em><em class=""fa fa-pied-piper-alt""> </em><em class=""fa fa-pied-piper-square""> </em><em class=""fa fa-pinterest""> </em><em class=""fa fa-pinterest-square""> </em><em class=""fa fa-qq""> </em><em class=""fa fa-ra""> </em><em class=""fa fa-rebel""> </em><em class=""fa fa-reddit""> </em><em class=""fa fa-reddit-square""> </em><em class=""fa fa-renren""> </em><em class=""fa fa-share-alt""> </em><em class=""fa fa-share-alt-square""> </em><em class=""fa fa-skype""> </em><em class=""fa fa-slack""> </em><em class=""fa fa-soundcloud""> </em><em class=""fa fa-spotify""> </em><em class=""fa fa-stack-exchange""> </em><em class=""fa fa-stack-overflow""> </em><em class=""fa fa-steam""> </em><em class=""fa fa-steam-square""> </em><em class=""fa fa-stumbleupon""> </em><em class=""fa fa-stumbleupon-circle""> </em><em class=""fa fa-tencent-weibo""> </em><em class=""fa fa-trello""> </em><em class=""fa fa-tumblr""> </em><em class=""fa fa-tumblr-square""> </em><em class=""fa fa-twitter""> </em><em class=""fa fa-twitter-square""> </em><em class=""fa fa-vimeo-square""> </em><em class=""fa fa-vine""> </em><em class=""fa fa-vk""> </em><em class=""fa fa-wechat""> </em><em class=""fa fa-weibo""> </em><em class=""fa fa-weixin""> </em><em class=""fa fa-windows""> </em><em class=""fa fa-xing""> </em><em class=""fa fa-xing-square""> </em><em class=""fa fa-yahoo""> </em><em class=""fa fa-youtube""> </em><em class=""fa fa-youtube-play""> </em><em class=""fa fa-youtube-square""> </em></div>
<div class=""tab-pane fade"" id=""Medical""><em class=""fa fa-ambulance""> </em><em class=""fa fa-h-square""> </em><em class=""fa fa-medkit""> </em><em class=""fa fa-plus-square""> </em><em class=""fa fa-stethoscope""> </em><em class=""fa fa-user-md""> </em><em class=""fa fa-wheelchair""> </em></div>
</div>
</div>
	</div>","2014-10-04 05:36:28","2014-10-04 05:36:28",1,0,,,,,,,0
12,Tabs,one_column,,,tabs,,"<div class=""rte"">
		<p class=""lead text-muted"">Inline tabs</p>
<div class=""tabbable tabs-"">
<ul class=""nav nav-tabs"">
<li class=""active""><a data-toggle=""tab"" href=""#tab1"">Home</a></li>
<li><a data-toggle=""tab"" href=""#tab2"">Profile</a></li>
<li><a data-toggle=""tab"" href=""#tab3"">Messages</a></li>
<li><a data-toggle=""tab"" href=""#tab4"">Settings</a></li>
</ul>
<div class=""tab-content"">
<div class=""tab-pane active"" id=""tab1"">Lorem ipsum dolor sit amet, consectetuer adipiscing elit. Cum sociis natoque penatibus et magnis dis parturient montes, nascetur ridiculus mus. Integer in sapien. Mauris dictum facilisis augue. Nunc auctor. Aliquam erat volutpat. Class aptent taciti sociosqu ad litora torquent per conubia nostra, per inceptos hymenaeos. Maecenas fermentum, sem in pharetra pellentesque, velit turpis volutpat ante, in pharetra metus odio a lectus. Praesent id justo in neque elementum ultrices. Etiam dui sem, fermentum vitae, sagittis id, malesuada in, quam. Nam quis nulla. Praesent dapibus. Proin mattis lacinia justo.</div>
<div class=""tab-pane "" id=""tab2"">Vivamus ac leo pretium faucibus. Etiam egestas wisi a erat. Mauris metus. Quisque porta. Sed ut perspiciatis unde omnis iste natus error sit voluptatem accusantium doloremque laudantium, totam rem aperiam, eaque ipsa quae ab illo inventore veritatis et quasi architecto beatae vitae dicta sunt explicabo. Duis aute irure dolor in reprehenderit in voluptate velit esse cillum dolore eu fugiat nulla pariatur. Mauris tincidunt sem sed arcu. In rutrum. Vivamus ac leo pretium faucibus. Integer vulputate sem a nibh rutrum consequat. Ut tempus purus at lorem. Maecenas ipsum velit, consectetuer eu lobortis ut, dictum at dui. Nemo enim ipsam voluptatem quia voluptas sit aspernatur aut odit aut fugit, sed quia consequuntur magni dolores eos qui ratione voluptatem sequi nesciunt. Nam sed tellus id magna elementum tincidunt. Etiam neque.</div>
<div class=""tab-pane "" id=""tab3"">Nulla pulvinar eleifend sem. Integer imperdiet lectus quis justo. Curabitur sagittis hendrerit ante. Nullam eget nisl. Fusce wisi. Fusce aliquam vestibulum ipsum. Fusce wisi. Etiam quis quam. Phasellus faucibus molestie nisl. Nullam justo enim, consectetuer nec, ullamcorper ac, vestibulum in, elit. Pellentesque ipsum. In laoreet, magna id viverra tincidunt, sem odio bibendum justo, vel imperdiet sapien wisi sed libero. Sed ut perspiciatis unde omnis iste natus error sit voluptatem accusantium doloremque laudantium, totam rem aperiam, eaque ipsa quae ab illo inventore veritatis et quasi architecto beatae vitae dicta sunt explicabo. Excepteur sint occaecat cupidatat non proident, sunt in culpa qui officia deserunt mollit anim id est laborum.</div>
<div class=""tab-pane "" id=""tab4"">Etiam sapien elit, consequat eget, tristique non, venenatis quis, ante. Proin in tellus sit amet nibh dignissim sagittis. Sed ac dolor sit amet purus malesuada congue. Aliquam ante. Praesent id justo in neque elementum ultrices. Aliquam erat volutpat. Integer imperdiet lectus quis justo. Sed convallis magna eu sem. Curabitur bibendum justo non orci. Mauris elementum mauris vitae tortor. Nullam lectus justo, vulputate eget mollis sed, tempor sed magna. Vestibulum erat nulla, ullamcorper nec, rutrum non, nonummy ac, erat.</div>
</div>
</div>
	</div>","2014-10-04 05:37:19","2014-10-04 05:37:19",1,0,,,,,,,0
13,Button,one_column,,,button,,"<div class=""rte"">
		<div class=""features elements"">
<div class=""panel panel-default"">
<div class=""panel-heading"">
<h3 class=""panel-title"">Default Buttons</h3>
</div>
<div class=""panel-body"">
<div class=""table-responsive features-btn"">
<table class=""table"">
<tbody>
<tr>
<td><button type=""button"" class=""btn btn-default"">Default</button></td>
<td><code>.btn .btn-default</code></td>
</tr>
<tr>
<td><button type=""button"" class=""btn btn-primary"">Primary</button></td>
<td><code>.btn .btn-primary</code></td>
</tr>
<tr>
<td><button type=""button"" class=""btn btn-success"">Success</button></td>
<td><code>.btn .btn-success</code></td>
</tr>
<tr>
<td><button type=""button"" class=""btn btn-info"">Info</button></td>
<td><code>.btn .btn-info</code></td>
</tr>
<tr>
<td><button type=""button"" class=""btn btn-warning"">Warning</button></td>
<td><code>.btn .btn-warning</code></td>
</tr>
<tr>
<td><button type=""button"" class=""btn btn-danger"">Danger</button></td>
<td><code>.btn .btn-danger</code></td>
</tr>
<tr>
<td><button type=""button"" class=""btn btn-link"">Link</button></td>
<td><code>.btn .btn-link</code></td>
</tr>
</tbody>
</table>
</div>
</div>
</div>
<div class=""panel panel-default"">
<div class=""panel-heading"">
<h3 class=""panel-title"">Custom Buttons</h3>
</div>
<div class=""panel-body"">
<div class=""table-responsive features-btn"">
<table class=""table"">
<tbody>
<tr>
<td><button type=""button"" class=""btn btn-outline"">Custom</button></td>
<td><code>.btn .btn-outline</code></td>
</tr>
<tr>
<td><button type=""button"" class=""btn btn-inverse"">Inverse</button></td>
<td><code>.btn .btn-inverse</code></td>
</tr>
</tbody>
</table>
</div>
</div>
</div>
<div class=""panel panel-default"">
<div class=""panel-heading"">
<h3 class=""panel-title"">Button size</h3>
</div>
<div class=""panel-body""><button type=""button"" class=""btn btn-primary btn-lg"">Large button</button> <button type=""button"" class=""btn btn-default btn-lg"">Large button</button> <button type=""button"" class=""btn btn-primary"">Default button</button> <button type=""button"" class=""btn btn-default"">Default button</button> <button type=""button"" class=""btn btn-primary btn-sm"">Small button</button> <button type=""button"" class=""btn btn-default btn-sm"">Small button</button> <button type=""button"" class=""btn btn-primary btn-xs"">Extra small button</button> <button type=""button"" class=""btn btn-default btn-xs"">Extra small button</button></div>
<div class=""panel-footer"">Large button – <code>.btn-lg</code> Small button – <code>.btn-sm</code> Extra small button – <code>.btn-xs</code></div>
</div>
<div class=""panel panel-default"">
<div class=""panel-heading"">
<h3 class=""panel-title"">Full width buttons</h3>
</div>
<div class=""panel-body""><button type=""button"" class=""btn btn-primary btn-lg btn-block"">Full width button</button> <button type=""button"" class=""btn btn-default btn-lg btn-block"">Full width button</button></div>
<div class=""panel-footer"">Full width button – <code>.btn-block</code></div>
</div>
<div class=""panel panel-default"">
<div class=""panel-heading"">
<h3 class=""panel-title"">Default Label</h3>
</div>
<div class=""panel-body"">
<div class=""table-responsive features-btn"">
<table class=""table"">
<tbody>
<tr>
<td><label class=""label label-default"">Default</label></td>
<td><code>.label .label-default</code></td>
</tr>
<tr>
<td><label class=""label label-primary"">Primary</label></td>
<td><code>.label .label-primary</code></td>
</tr>
<tr>
<td><label class=""label label-success"">Success</label></td>
<td><code>.label .label-success</code></td>
</tr>
<tr>
<td><label class=""label label-info"">Info</label></td>
<td><code>.label .label-info</code></td>
</tr>
<tr>
<td><label class=""label label-warning"">Warning</label></td>
<td><code>.label .label-warning</code></td>
</tr>
<tr>
<td><label class=""label label-danger"">Danger</label></td>
<td><code>.label .label-danger</code></td>
</tr>
</tbody>
</table>
</div>
</div>
</div>
</div>
	</div>","2014-10-04 05:38:03","2014-10-04 05:38:03",1,0,,,,,,,0
14,Accodion,one_column,,,accodion,,"<div class=""rte"">
		<h4>Collapsible Panels</h4>
<div class=""panel-group"" id=""panel1""><br>
<div class=""panel panel-default"">
<div class=""panel-heading"">
<h4 class=""panel-title""><a data-parent=""#panel1"" data-toggle=""collapse"" href=""#collapsepanel1"" class=""accordion-toggle collapsed"">How to purchase this template?</a></h4>
</div>
<div class=""panel-collapse collapse"" id=""collapsepanel1"" style=""height: 0px;"">
<div class=""panel-body"">
<div><br> Anim pariatur cliche reprehenderit, enim eiusmod high life accusamus terry richardson ad squid. 3 wolf moon officia aute, non cupidatat skateboard dolor brunch. </div>
</div>
</div>
</div>
<br>
<div class=""panel panel-default"">
<div class=""panel-heading"">
<h4 class=""panel-title""><a data-parent=""#panel1"" data-toggle=""collapse"" href=""#collapsepanel2"" class=""accordion-toggle collapsed"">NEVERMIND ready for BuddyPress?</a></h4>
</div>
<div class=""panel-collapse collapse"" id=""collapsepanel2"" style=""height: 0px;"">
<div class=""panel-body"">
<div><br> Lorem ipsum dolor sit amet, consectetur adipiscing elit. Vivamus aliquet erat quis nibh vehicula, condimentum placerat lectus iaculis. Nam ultricies nisi vel ligula pulvinar, quis dapibus velit iaculis. In hac habitasse platea dictumst. In vitae nunc tincidunt, euismod nibh sit amet, convallis arcu. Vestibulum feugiat auctor auctor. Phasellus lacinia auctor metus, in posuere justo egestas eget. Vivamus ornare tincidunt sagittis. Nunc pretium magna eu est condimentum malesuada. Nunc arcu nulla, fringilla in sodales sed, laoreet eget mi. Fusce ac suscipit turpis, sed porttitor mauris. </div>
</div>
</div>
</div>
<br>
<div class=""panel panel-default"">
<div class=""panel-heading"">
<h4 class=""panel-title""><a data-parent=""#panel1"" data-toggle=""collapse"" href=""#collapsepanel3"" class=""accordion-toggle collapsed"">Can I sell my works with Woocommerce?</a></h4>
</div>
<div class=""panel-collapse collapse"" id=""collapsepanel3"" style=""height: 0px;"">
<div class=""panel-body"">
<div><br> Lorem ipsum dolor sit amet, consectetur adipiscing elit. Vivamus aliquet erat quis nibh vehicula, condimentum placerat lectus iaculis. Nam ultricies nisi vel ligula pulvinar, quis dapibus velit iaculis. In hac habitasse platea dictumst. In vitae nunc tincidunt, euismod nibh sit amet, convallis arcu. Vestibulum feugiat auctor auctor. Phasellus lacinia auctor metus, in posuere justo egestas eget. Vivamus ornare tincidunt sagittis. Nunc pretium magna eu est condimentum malesuada. Nunc arcu nulla, fringilla in sodales sed, laoreet eget mi. Fusce ac suscipit turpis, sed porttitor mauris. </div>
</div>
</div>
</div>
</div>
<h4>Collapsible Panels Style</h4>
<div class=""panel-group"" id=""panel21""><br>
<div class=""panel panel-success"">
<div class=""panel-heading"">
<h4 class=""panel-title""><a data-parent=""#panel21"" data-toggle=""collapse"" href=""#collapsepanel4"" class=""accordion-toggle collapsed"">How to purchase this template?</a></h4>
</div>
<div style=""height: 0px;"" class=""panel-collapse collapse"" id=""collapsepanel4"">
<div class=""panel-body"">
<div><br> Anim pariatur cliche reprehenderit, enim eiusmod high life accusamus terry richardson ad squid. 3 wolf moon officia aute, non cupidatat skateboard dolor brunch. </div>
</div>
</div>
</div>
<br>
<div class=""panel panel-success"">
<div class=""panel-heading"">
<h4 class=""panel-title""><a data-parent=""#panel21"" data-toggle=""collapse"" href=""#collapsepanel5"" class=""accordion-toggle collapsed"">NEVERMIND ready for BuddyPress?</a></h4>
</div>
<div style=""height: 0px;"" class=""panel-collapse collapse"" id=""collapsepanel5"">
<div class=""panel-body"">
<div><br> Lorem ipsum dolor sit amet, consectetur adipiscing elit. Vivamus aliquet erat quis nibh vehicula, condimentum placerat lectus iaculis. Nam ultricies nisi vel ligula pulvinar, quis dapibus velit iaculis. In hac habitasse platea dictumst. In vitae nunc tincidunt, euismod nibh sit amet, convallis arcu. Vestibulum feugiat auctor auctor. Phasellus lacinia auctor metus, in posuere justo egestas eget. Vivamus ornare tincidunt sagittis. Nunc pretium magna eu est condimentum malesuada. Nunc arcu nulla, fringilla in sodales sed, laoreet eget mi. Fusce ac suscipit turpis, sed porttitor mauris. </div>
</div>
</div>
</div>
<br>
<div class=""panel panel-success"">
<div class=""panel-heading"">
<h4 class=""panel-title""><a data-parent=""#panel21"" data-toggle=""collapse"" href=""#collapsepanel6"" class=""accordion-toggle collapsed"">Can I sell my works with Woocommerce?</a></h4>
</div>
<div style=""height: 0px;"" class=""panel-collapse collapse"" id=""collapsepanel6"">
<div class=""panel-body"">
<div><br> Lorem ipsum dolor sit amet, consectetur adipiscing elit. Vivamus aliquet erat quis nibh vehicula, condimentum placerat lectus iaculis. Nam ultricies nisi vel ligula pulvinar, quis dapibus velit iaculis. In hac habitasse platea dictumst. In vitae nunc tincidunt, euismod nibh sit amet, convallis arcu. Vestibulum feugiat auctor auctor. Phasellus lacinia auctor metus, in posuere justo egestas eget. Vivamus ornare tincidunt sagittis. Nunc pretium magna eu est condimentum malesuada. Nunc arcu nulla, fringilla in sodales sed, laoreet eget mi. Fusce ac suscipit turpis, sed porttitor mauris. </div>
</div>
</div>
</div>
</div>
	</div>","2014-10-04 05:38:56","2014-10-04 05:38:56",1,0,,,,,,,0
15,"Message Box",one_column,,,messagebox,,"<div class=""rte"">
		<div class=""alert alert-warning""><button data-dismiss=""alert"" type=""button"" class=""close"">ÃƒÆ’Ã†â€™Ãƒâ€ Ã¢â‚¬â„¢ÃƒÆ’Ã‚Â¢ÃƒÂ¢Ã¢â‚¬Å¡Ã‚Â¬ÃƒÂ¢Ã¢â€šÂ¬Ã‚Â</button> <strong>Warning!</strong> Best check yo self, youÃƒÆ’Ã†â€™Ãƒâ€šÃ‚Â¢ÃƒÆ’Ã‚Â¢ÃƒÂ¢Ã¢â€šÂ¬Ã…Â¡Ãƒâ€šÃ‚Â¬ÃƒÆ’Ã‚Â¢ÃƒÂ¢Ã¢â€šÂ¬Ã…Â¾Ãƒâ€šÃ‚Â¢re not looking too good.</div>
<div class=""alert alert-info""><button data-dismiss=""alert"" type=""button"" class=""close"">ÃƒÆ’Ã†â€™Ãƒâ€ Ã¢â‚¬â„¢ÃƒÆ’Ã‚Â¢ÃƒÂ¢Ã¢â‚¬Å¡Ã‚Â¬ÃƒÂ¢Ã¢â€šÂ¬Ã‚Â</button> <strong>Info!</strong> This alert needs your attention, but itÃƒÆ’Ã†â€™Ãƒâ€šÃ‚Â¢ÃƒÆ’Ã‚Â¢ÃƒÂ¢Ã¢â€šÂ¬Ã…Â¡Ãƒâ€šÃ‚Â¬ÃƒÆ’Ã‚Â¢ÃƒÂ¢Ã¢â€šÂ¬Ã…Â¾Ãƒâ€šÃ‚Â¢s not super important.</div>
<div class=""alert alert-success""><button data-dismiss=""alert"" type=""button"" class=""close"">ÃƒÆ’Ã†â€™Ãƒâ€ Ã¢â‚¬â„¢ÃƒÆ’Ã‚Â¢ÃƒÂ¢Ã¢â‚¬Å¡Ã‚Â¬ÃƒÂ¢Ã¢â€šÂ¬Ã‚Â</button> <strong>Success!</strong> You successfully read this important alert message.</div>
<div class=""alert alert-danger""><button data-dismiss=""alert"" type=""button"" class=""close"">ÃƒÆ’Ã†â€™Ãƒâ€ Ã¢â‚¬â„¢ÃƒÆ’Ã‚Â¢ÃƒÂ¢Ã¢â‚¬Å¡Ã‚Â¬ÃƒÂ¢Ã¢â€šÂ¬Ã‚Â</button> <strong>Danger!</strong> Change a few things up and try submitting again.</div>
	</div>","2014-10-04 05:39:39","2014-10-04 05:39:39",1,0,,,,,,,0
16," Pricing Tables",one_column,,,pricing-tables,,"<div class=""rte"">
		<div class=""row"">
<div class=""col-sm-4"">
<div>
<div class=""pricing-table panel panel-primary  text-center"">
<div class=""panel-heading pricing-header"">
<h4 class=""plan-title"">basic package</h4>
<p class=""plan-subtitle"">sub title</p>
<div class=""plan-price""><sup class=""plan-currency"">$</sup> <span class=""plan-figure"">50</span> <sup class=""plan-period"">/ 1 month</sup></div>
</div>
<div class=""panel-body pricing-body no-padding"">
<div class=""plain-info"">
<p> </p>
<ul>
<li>Free setup</li>
<li>10Gb Storage</li>
<li>Unlimited users</li>
<li>Enhanced Security</li>
<li>100 Email Addresses</li>
</ul>
<p> </p>
</div>
</div>
<div class=""panel-footer pricing-footer no-padding""><a href=""#"" class=""btn btn-lg btn-block btn-outline plan-link"">Buy Now!</a></div>
</div>
</div>
</div>
<div class=""col-sm-4"">
<div>
<div class=""pricing-table panel panel-primary featured-plan text-center"">
<div class=""panel-heading pricing-header"">
<h4 class=""plan-title"">basic package</h4>
<p class=""plan-subtitle"">sub title</p>
<div class=""plan-price""><sup class=""plan-currency"">$</sup> <span class=""plan-figure"">50</span> <sup class=""plan-period"">/ 1 month</sup></div>
</div>
<div class=""panel-body pricing-body no-padding"">
<div class=""plain-info"">
<p> </p>
<ul>
<li>Free setup</li>
<li>10Gb Storage</li>
<li>Unlimited users</li>
<li>Enhanced Security</li>
<li>100 Email Addresses</li>
</ul>
<p> </p>
</div>
</div>
<div class=""panel-footer pricing-footer no-padding""><a href=""#"" class=""btn btn-lg btn-block plan-link"">Buy Now!</a></div>
</div>
</div>
</div>
<div class=""col-sm-4"">
<div>
<div class=""pricing-table panel panel-primary  text-center"">
<div class=""panel-heading pricing-header"">
<h4 class=""plan-title"">basic package</h4>
<p class=""plan-subtitle"">sub title</p>
<div class=""plan-price""><sup class=""plan-currency"">$</sup> <span class=""plan-figure"">50</span> <sup class=""plan-period"">/ 1 month</sup></div>
</div>
<div class=""panel-body pricing-body no-padding"">
<div class=""plain-info"">
<p> </p>
<ul>
<li>Free setup</li>
<li>10Gb Storage</li>
<li>Unlimited users</li>
<li>Enhanced Security</li>
<li>100 Email Addresses</li>
</ul>
<p> </p>
</div>
</div>
<div class=""panel-footer pricing-footer no-padding""><a href=""#"" class=""btn btn-lg btn-block btn-outline plan-link"">Buy Now!</a></div>
</div>
</div>
</div>
</div>
	</div>","2014-10-04 05:40:23","2014-10-04 05:40:23",1,0,,,,,,,0
43,"Home Page Default",one_column,,,home-page-default,,"{{widget type=""ves_blockbuilder/widget_page"" block_id=""40"" code=""home-page-default""}}","2015-03-20 22:25:23","2015-07-20 16:57:06",1,0,,,one_column,,,,0
44,"Home Page Demo2",one_column,,,home-page-demo2,,"{{widget type=""ves_blockbuilder/widget_page"" block_id=""65"" code=""home-page-demo2""}}","2015-05-24 17:52:53","2015-07-20 17:14:09",1,0,,,,,,,0
45,"Home Page Demo3",one_column,,,home-page-demo3,,"{{widget type=""ves_blockbuilder/widget_page"" block_id=""67"" code=""home-page-demo3""}}","2015-06-01 21:43:38","2015-07-20 17:16:49",1,0,,,,,,,0
46,"Home Page Demo4",one_column,,,home-page-demo4,,"{{widget type=""ves_blockbuilder/widget_page"" block_id=""70"" code=""home-page-demo4""}}","2015-06-10 20:27:38","2015-07-20 17:17:56",1,0,,,,,,,0
47,"Sample Elements",one_column,,,sample-elements,,"{{widget type=""ves_blockbuilder/widget_page"" block_id=""64"" code=""sample-elements""}}","2015-07-02 14:55:39","2015-07-15 23:19:46",1,0,,,,,,,0
48,"Home Page Demo5",one_column,,,home-page-demo5,,"{{widget type=""ves_blockbuilder/widget_page"" block_id=""72"" code=""home-page-demo5""}}","2015-07-13 22:30:49","2015-07-20 17:26:02",1,0,,,,,,,0
